{
  "main": {
    "id": "9b727460806a4e9e",
    "type": "split",
    "children": [
      {
        "id": "afea4fb5617a8b0c",
        "type": "tabs",
        "children": [
          {
            "id": "824e463e18c399e0",
            "type": "leaf",
            "state": {
              "type": "markdown",
              "state": {
                "file": "Reverse Shells.md",
                "mode": "source",
                "source": false
              }
            }
          },
          {
            "id": "6dc46ebd290cd5e1",
            "type": "leaf",
            "state": {
              "type": "markdown",
              "state": {
                "file": "Active Directory.md",
                "mode": "source",
                "source": false
              }
            }
          },
          {
            "id": "1b7da7679ee33bd9",
            "type": "leaf",
            "state": {
              "type": "markdown",
              "state": {
                "file": "Linux Priv Esc.md",
                "mode": "source",
                "source": false
              }
            }
          }
        ],
        "currentTab": 2
      }
    ],
    "direction": "vertical"
  },
  "left": {
    "id": "574d8bd0f024ab8a",
    "type": "split",
    "children": [
      {
        "id": "c2994b24bab04963",
        "type": "tabs",
        "children": [
          {
            "id": "20de8696c34a5576",
            "type": "leaf",
            "state": {
              "type": "file-explorer",
              "state": {
                "sortOrder": "alphabetical"
              }
            }
          },
          {
            "id": "b05f8ad83ee70cdb",
            "type": "leaf",
            "state": {
              "type": "search",
              "state": {
                "query": "",
                "matchingCase": false,
                "explainSearch": false,
                "collapseAll": false,
                "extraContext": false,
                "sortOrder": "alphabetical"
              }
            }
          },
          {
            "id": "a0e8413b97f870d4",
            "type": "leaf",
            "state": {
              "type": "starred",
              "state": {}
            }
          },
          {
            "id": "a4dd46c5de3c72f9",
            "type": "leaf",
            "state": {
              "type": "bookmarks",
              "state": {}
            }
          }
        ]
      }
    ],
    "direction": "horizontal",
    "width": 200
  },
  "right": {
    "id": "b2671af5dada33d4",
    "type": "split",
    "children": [
      {
        "id": "b8813ee56dd48e1e",
        "type": "tabs",
        "children": [
          {
            "id": "49e42342c5dfb61f",
            "type": "leaf",
            "state": {
              "type": "backlink",
              "state": {
                "file": "Linux Priv Esc.md",
                "collapseAll": false,
                "extraContext": false,
                "sortOrder": "alphabetical",
                "showSearch": false,
                "searchQuery": "",
                "backlinkCollapsed": false,
                "unlinkedCollapsed": true
              }
            }
          },
          {
            "id": "73acf3591a80c9a5",
            "type": "leaf",
            "state": {
              "type": "outgoing-link",
              "state": {
                "file": "Linux Priv Esc.md",
                "linksCollapsed": false,
                "unlinkedCollapsed": true
              }
            }
          },
          {
            "id": "49b4ad369b8da283",
            "type": "leaf",
            "state": {
              "type": "tag",
              "state": {
                "sortOrder": "frequency",
                "useHierarchy": true
              }
            }
          },
          {
            "id": "1332b0341704713a",
            "type": "leaf",
            "state": {
              "type": "outline",
              "state": {
                "file": "Linux Priv Esc.md"
              }
            }
          },
          {
            "id": "5457335750968886",
            "type": "leaf",
            "state": {
              "type": "all-properties",
              "state": {
                "sortOrder": "frequency"
              }
            }
          }
        ]
      }
    ],
    "direction": "horizontal",
    "width": 200,
    "collapsed": true
  },
  "left-ribbon": {
    "hiddenItems": {
      "switcher:Open quick switcher": false,
      "graph:Open graph view": false,
      "canvas:Create new canvas": false,
      "daily-notes:Open today's daily note": false,
      "templates:Insert template": false,
      "command-palette:Open command palette": false,
      "obsidian-markbase:Sync all Markbase projects": false
    }
  },
  "active": "49e42342c5dfb61f",
  "lastOpenFiles": [
    "Antivirus Evasion.md",
    "Active Directory.md",
    "Mind-Map AD.md",
    "Client Side Attacks.md",
    "OSCP",
    "Untitled.md",
    "Mind-Map AD",
    "Reverse Shells.md",
    "Web Application Attacks.md",
    "Password attacks.md",
    "Locating and fixing public exploits.md",
    "Resources.md",
    "Metasploit Framework.md",
    "Port Redirecting and Tunneling.md",
    "Images/Pasted image 20230914061950.png",
    "Images/Pasted image 20230914060411.png",
    "Windows Commands.md",
    "Images/Pasted image 20230913055959.png",
    "Images/Pasted image 20230913055906.png",
    "Images/Pasted image 20230912173822.png",
    "Information Gathering.md",
    "Ports and services.md",
    "python notes.md",
    "Recon.md",
    "Images/Pasted image 20230909090415.png",
    "Images/Pasted image 20230908080150.png",
    "Images/Pasted image 20230908075825.png",
    "Images/Pasted image 20221002162759.png",
    "Enumeration Checklist.md",
    "Exploitation.md",
    "Linux Priv Esc.md",
    "Windows Priv Esc.md",
    "Untitled 1.md",
    "Attacks.md",
    "Untitled/Untitled.canvas",
    "Linux commands.md",
    "SQL Injection Attacks.md",
    "Images/Pasted image 20230124225058.png"
  ]
}